,POA
2022-02-01 00:00:00+02:00,0.0
2022-02-01 00:30:00+02:00,0.0
2022-02-01 01:00:00+02:00,0.0
2022-02-01 01:30:00+02:00,0.0
2022-02-01 02:00:00+02:00,0.0
2022-02-01 02:30:00+02:00,0.0
2022-02-01 03:00:00+02:00,0.0
2022-02-01 03:30:00+02:00,0.0
2022-02-01 04:00:00+02:00,0.0
2022-02-01 04:30:00+02:00,0.0
2022-02-01 05:00:00+02:00,0.0
2022-02-01 05:30:00+02:00,0.0
2022-02-01 06:00:00+02:00,0.0
2022-02-01 06:30:00+02:00,0.0
2022-02-01 07:00:00+02:00,0.0
2022-02-01 07:30:00+02:00,619.4676338949815
2022-02-01 08:00:00+02:00,2964.622942361373
2022-02-01 08:30:00+02:00,5465.266932817914
2022-02-01 09:00:00+02:00,7716.7626217019415
2022-02-01 09:30:00+02:00,9659.245537515968
2022-02-01 10:00:00+02:00,11268.87324952587
2022-02-01 10:30:00+02:00,12526.891417070776
2022-02-01 11:00:00+02:00,13417.611969381007
2022-02-01 11:30:00+02:00,13929.305364453137
2022-02-01 12:00:00+02:00,14055.023638286111
2022-02-01 12:30:00+02:00,13793.059075591771
2022-02-01 13:00:00+02:00,13147.057035245576
2022-02-01 13:30:00+02:00,12125.797423380576
2022-02-01 14:00:00+02:00,10742.62447567456
2022-02-01 14:30:00+02:00,9014.554456809854
2022-02-01 15:00:00+02:00,6961.780480301886
2022-02-01 15:30:00+02:00,4613.881635788419
2022-02-01 16:00:00+02:00,2079.267643113878
2022-02-01 16:30:00+02:00,159.52105833675347
2022-02-01 17:00:00+02:00,0.0
2022-02-01 17:30:00+02:00,0.0
2022-02-01 18:00:00+02:00,0.0
2022-02-01 18:30:00+02:00,0.0
2022-02-01 19:00:00+02:00,0.0
2022-02-01 19:30:00+02:00,0.0
2022-02-01 20:00:00+02:00,0.0
2022-02-01 20:30:00+02:00,0.0
2022-02-01 21:00:00+02:00,0.0
2022-02-01 21:30:00+02:00,0.0
2022-02-01 22:00:00+02:00,0.0
2022-02-01 22:30:00+02:00,0.0
2022-02-01 23:00:00+02:00,0.0
2022-02-01 23:30:00+02:00,0.0
2022-02-02 00:00:00+02:00,0.0
2022-02-02 00:30:00+02:00,0.0
2022-02-02 01:00:00+02:00,0.0
2022-02-02 01:30:00+02:00,0.0
2022-02-02 02:00:00+02:00,0.0
2022-02-02 02:30:00+02:00,0.0
2022-02-02 03:00:00+02:00,0.0
2022-02-02 03:30:00+02:00,0.0
2022-02-02 04:00:00+02:00,0.0
2022-02-02 04:30:00+02:00,0.0
2022-02-02 05:00:00+02:00,0.0
2022-02-02 05:30:00+02:00,0.0
2022-02-02 06:00:00+02:00,0.0
2022-02-02 06:30:00+02:00,0.0
2022-02-02 07:00:00+02:00,0.0
2022-02-02 07:30:00+02:00,684.0187208695571
2022-02-02 08:00:00+02:00,3048.157482049679
2022-02-02 08:30:00+02:00,5542.1783193364045
2022-02-02 09:00:00+02:00,7789.408982425826
2022-02-02 09:30:00+02:00,9730.338857317085
2022-02-02 10:00:00+02:00,11340.018035025865
2022-02-02 10:30:00+02:00,12598.96489871391
2022-02-02 11:00:00+02:00,13491.06764538711
2022-02-02 11:30:00+02:00,14004.352916276235
2022-02-02 12:00:00+02:00,14131.741666784603
2022-02-02 12:30:00+02:00,13871.478359571054
2022-02-02 13:00:00+02:00,13227.238380064984
2022-02-02 13:30:00+02:00,12207.925134245535
2022-02-02 14:00:00+02:00,10827.143016731845
2022-02-02 14:30:00+02:00,9102.39133476935
2022-02-02 15:00:00+02:00,7054.692112449433
2022-02-02 15:30:00+02:00,4714.536542264845
2022-02-02 16:00:00+02:00,2185.063487523424
2022-02-02 16:30:00+02:00,200.9570338026037
2022-02-02 17:00:00+02:00,0.0
2022-02-02 17:30:00+02:00,0.0
2022-02-02 18:00:00+02:00,0.0
2022-02-02 18:30:00+02:00,0.0
2022-02-02 19:00:00+02:00,0.0
2022-02-02 19:30:00+02:00,0.0
2022-02-02 20:00:00+02:00,0.0
2022-02-02 20:30:00+02:00,0.0
2022-02-02 21:00:00+02:00,0.0
2022-02-02 21:30:00+02:00,0.0
2022-02-02 22:00:00+02:00,0.0
2022-02-02 22:30:00+02:00,0.0
2022-02-02 23:00:00+02:00,0.0
2022-02-02 23:30:00+02:00,0.0
2022-02-03 00:00:00+02:00,0.0
2022-02-03 00:30:00+02:00,0.0
2022-02-03 01:00:00+02:00,0.0
2022-02-03 01:30:00+02:00,0.0
2022-02-03 02:00:00+02:00,0.0
2022-02-03 02:30:00+02:00,0.0
2022-02-03 03:00:00+02:00,0.0
2022-02-03 03:30:00+02:00,0.0
2022-02-03 04:00:00+02:00,0.0
2022-02-03 04:30:00+02:00,0.0
2022-02-03 05:00:00+02:00,0.0
2022-02-03 05:30:00+02:00,0.0
2022-02-03 06:00:00+02:00,0.0
2022-02-03 06:30:00+02:00,0.0
2022-02-03 07:00:00+02:00,0.0
2022-02-03 07:30:00+02:00,752.8161639589988
2022-02-03 08:00:00+02:00,3134.165327292906
2022-02-03 08:30:00+02:00,5621.583035651685
2022-02-03 09:00:00+02:00,7864.512725464055
2022-02-03 09:30:00+02:00,9803.767138598716
2022-02-03 10:00:00+02:00,11413.335551370892
2022-02-03 10:30:00+02:00,12673.032216392357
2022-02-03 11:00:00+02:00,13566.33247608576
2022-02-03 11:30:00+02:00,14081.024973231864
2022-02-03 12:00:00+02:00,14209.903180417274
2022-02-03 12:30:00+02:00,13951.166027141897
2022-02-03 13:00:00+02:00,13308.519852247242
2022-02-03 13:30:00+02:00,12290.990227933271
2022-02-03 14:00:00+02:00,10912.435837689785
2022-02-03 14:30:00+02:00,9190.823635685787
2022-02-03 15:00:00+02:00,7147.971652489775
2022-02-03 15:30:00+02:00,4815.259740813772
2022-02-03 16:00:00+02:00,2291.2332569001196
2022-02-03 16:30:00+02:00,248.41016165904085
2022-02-03 17:00:00+02:00,0.0
2022-02-03 17:30:00+02:00,0.0
2022-02-03 18:00:00+02:00,0.0
2022-02-03 18:30:00+02:00,0.0
2022-02-03 19:00:00+02:00,0.0
2022-02-03 19:30:00+02:00,0.0
2022-02-03 20:00:00+02:00,0.0
2022-02-03 20:30:00+02:00,0.0
2022-02-03 21:00:00+02:00,0.0
2022-02-03 21:30:00+02:00,0.0
2022-02-03 22:00:00+02:00,0.0
2022-02-03 22:30:00+02:00,0.0
2022-02-03 23:00:00+02:00,0.0
2022-02-03 23:30:00+02:00,0.0
2022-02-04 00:00:00+02:00,0.0
2022-02-04 00:30:00+02:00,0.0
2022-02-04 01:00:00+02:00,0.0
2022-02-04 01:30:00+02:00,0.0
2022-02-04 02:00:00+02:00,0.0
2022-02-04 02:30:00+02:00,0.0
2022-02-04 03:00:00+02:00,0.0
2022-02-04 03:30:00+02:00,0.0
2022-02-04 04:00:00+02:00,0.0
2022-02-04 04:30:00+02:00,0.0
2022-02-04 05:00:00+02:00,0.0
2022-02-04 05:30:00+02:00,0.0
2022-02-04 06:00:00+02:00,0.0
2022-02-04 06:30:00+02:00,0.0
2022-02-04 07:00:00+02:00,0.0
2022-02-04 07:30:00+02:00,825.7523498462457
2022-02-04 08:00:00+02:00,3222.545621332728
2022-02-04 08:30:00+02:00,5703.385062137224
2022-02-04 09:00:00+02:00,7941.982787378057
2022-02-04 09:30:00+02:00,9879.443135386553
2022-02-04 10:00:00+02:00,11488.740620759456
2022-02-04 10:30:00+02:00,12749.008992839093
2022-02-04 11:00:00+02:00,13643.322146210174
2022-02-04 11:30:00+02:00,14159.236928991428
2022-02-04 12:00:00+02:00,14289.42317838775
2022-02-04 12:30:00+02:00,14032.036729873813
2022-02-04 13:00:00+02:00,13390.815888810446
2022-02-04 13:30:00+02:00,12374.907127798979
2022-02-04 14:00:00+02:00,10998.417698418145
2022-02-04 14:30:00+02:00,9279.767284427257
2022-02-04 15:00:00+02:00,7241.538277563865
2022-02-04 15:30:00+02:00,4915.974792428615
2022-02-04 16:00:00+02:00,2397.6246093677782
2022-02-04 16:30:00+02:00,301.7475532300993
2022-02-04 17:00:00+02:00,0.0
2022-02-04 17:30:00+02:00,0.0
2022-02-04 18:00:00+02:00,0.0
2022-02-04 18:30:00+02:00,0.0
2022-02-04 19:00:00+02:00,0.0
2022-02-04 19:30:00+02:00,0.0
2022-02-04 20:00:00+02:00,0.0
2022-02-04 20:30:00+02:00,0.0
2022-02-04 21:00:00+02:00,0.0
2022-02-04 21:30:00+02:00,0.0
2022-02-04 22:00:00+02:00,0.0
2022-02-04 22:30:00+02:00,0.0
2022-02-04 23:00:00+02:00,0.0
2022-02-04 23:30:00+02:00,0.0
2022-02-05 00:00:00+02:00,0.0
2022-02-05 00:30:00+02:00,0.0
2022-02-05 01:00:00+02:00,0.0
2022-02-05 01:30:00+02:00,0.0
2022-02-05 02:00:00+02:00,0.0
2022-02-05 02:30:00+02:00,0.0
2022-02-05 03:00:00+02:00,0.0
2022-02-05 03:30:00+02:00,0.0
2022-02-05 04:00:00+02:00,0.0
2022-02-05 04:30:00+02:00,0.0
2022-02-05 05:00:00+02:00,0.0
2022-02-05 05:30:00+02:00,0.0
2022-02-05 06:00:00+02:00,0.0
2022-02-05 06:30:00+02:00,0.0
2022-02-05 07:00:00+02:00,0.0
2022-02-05 07:30:00+02:00,902.6921553483057
2022-02-05 08:00:00+02:00,3313.197242380587
2022-02-05 08:30:00+02:00,5787.488197844902
2022-02-05 09:00:00+02:00,8021.727270926249
2022-02-05 09:30:00+02:00,9957.278479434477
2022-02-05 10:00:00+02:00,11566.146951081235
2022-02-05 10:30:00+02:00,12826.809923451234
2022-02-05 11:00:00+02:00,13721.951708365677
2022-02-05 11:30:00+02:00,14238.903908116275
2022-02-05 12:00:00+02:00,14370.216799959913
2022-02-05 12:30:00+02:00,14114.005703500952
2022-02-05 13:00:00+02:00,13474.04198639766
2022-02-05 13:30:00+02:00,12459.591827970713
2022-02-05 14:00:00+02:00,11085.005484839126
2022-02-05 14:30:00+02:00,9369.140938316628
2022-02-05 15:00:00+02:00,7335.314533246394
2022-02-05 15:30:00+02:00,5016.609523257164
2022-02-05 16:00:00+02:00,2504.099298071874
2022-02-05 16:30:00+02:00,360.70818935534663
2022-02-05 17:00:00+02:00,0.0
2022-02-05 17:30:00+02:00,0.0
2022-02-05 18:00:00+02:00,0.0
2022-02-05 18:30:00+02:00,0.0
2022-02-05 19:00:00+02:00,0.0
2022-02-05 19:30:00+02:00,0.0
2022-02-05 20:00:00+02:00,0.0
2022-02-05 20:30:00+02:00,0.0
2022-02-05 21:00:00+02:00,0.0
2022-02-05 21:30:00+02:00,0.0
2022-02-05 22:00:00+02:00,0.0
2022-02-05 22:30:00+02:00,0.0
2022-02-05 23:00:00+02:00,0.0
2022-02-05 23:30:00+02:00,0.0
2022-02-06 00:00:00+02:00,0.0
2022-02-06 00:30:00+02:00,0.0
2022-02-06 01:00:00+02:00,0.0
2022-02-06 01:30:00+02:00,0.0
2022-02-06 02:00:00+02:00,0.0
2022-02-06 02:30:00+02:00,0.0
2022-02-06 03:00:00+02:00,0.0
2022-02-06 03:30:00+02:00,0.0
2022-02-06 04:00:00+02:00,0.0
2022-02-06 04:30:00+02:00,0.0
2022-02-06 05:00:00+02:00,0.0
2022-02-06 05:30:00+02:00,0.0
2022-02-06 06:00:00+02:00,0.0
2022-02-06 06:30:00+02:00,0.0
2022-02-06 07:00:00+02:00,0.0
2022-02-06 07:30:00+02:00,983.4776976201755
2022-02-06 08:00:00+02:00,3406.018873723553
2022-02-06 08:30:00+02:00,5873.795992029905
2022-02-06 09:00:00+02:00,8103.653424039221
2022-02-06 09:30:00+02:00,10037.18368750897
2022-02-06 10:00:00+02:00,11645.467158610236
2022-02-06 10:30:00+02:00,12906.348809437342
2022-02-06 11:00:00+02:00,13802.135623360611
2022-02-06 11:30:00+02:00,14319.940812260873
2022-02-06 12:00:00+02:00,14452.19937454248
2022-02-06 12:30:00+02:00,14196.988819168168
2022-02-06 13:00:00+02:00,13558.114750117376
2022-02-06 13:30:00+02:00,12544.961933375387
2022-02-06 14:00:00+02:00,11172.118231859422
2022-02-06 14:30:00+02:00,9458.865979668595
2022-02-06 15:00:00+02:00,7429.226278358025
2022-02-06 15:30:00+02:00,5117.095881785494
2022-02-06 16:00:00+02:00,2610.5322277916557
2022-02-06 16:30:00+02:00,424.9331042383921
2022-02-06 17:00:00+02:00,0.0
2022-02-06 17:30:00+02:00,0.0
2022-02-06 18:00:00+02:00,0.0
2022-02-06 18:30:00+02:00,0.0
2022-02-06 19:00:00+02:00,0.0
2022-02-06 19:30:00+02:00,0.0
2022-02-06 20:00:00+02:00,0.0
2022-02-06 20:30:00+02:00,0.0
2022-02-06 21:00:00+02:00,0.0
2022-02-06 21:30:00+02:00,0.0
2022-02-06 22:00:00+02:00,0.0
2022-02-06 22:30:00+02:00,0.0
2022-02-06 23:00:00+02:00,0.0
2022-02-06 23:30:00+02:00,0.0
2022-02-07 00:00:00+02:00,0.0
2022-02-07 00:30:00+02:00,0.0
2022-02-07 01:00:00+02:00,0.0
2022-02-07 01:30:00+02:00,0.0
2022-02-07 02:00:00+02:00,0.0
2022-02-07 02:30:00+02:00,0.0
2022-02-07 03:00:00+02:00,0.0
2022-02-07 03:30:00+02:00,0.0
2022-02-07 04:00:00+02:00,0.0
2022-02-07 04:30:00+02:00,0.0
2022-02-07 05:00:00+02:00,0.0
2022-02-07 05:30:00+02:00,0.0
2022-02-07 06:00:00+02:00,0.0
2022-02-07 06:30:00+02:00,0.0
2022-02-07 07:00:00+02:00,0.0
2022-02-07 07:30:00+02:00,1067.933309434277
2022-02-07 08:00:00+02:00,3500.9093489749434
2022-02-07 08:30:00+02:00,5962.21195385552
2022-02-07 09:00:00+02:00,8187.6678776188
2022-02-07 09:30:00+02:00,10119.068408922649
2022-02-07 10:00:00+02:00,11726.613011783347
2022-02-07 10:30:00+02:00,12987.538792060486
2022-02-07 11:00:00+02:00,13883.787982471193
2022-02-07 11:30:00+02:00,14402.262527945191
2022-02-07 12:00:00+02:00,14535.28661276873
2022-02-07 12:30:00+02:00,14280.902755408917
2022-02-07 13:00:00+02:00,13642.952042939496
2022-02-07 13:30:00+02:00,12630.936782158058
2022-02-07 14:00:00+02:00,11259.677212005845
2022-02-07 14:30:00+02:00,9548.866560257426
2022-02-07 15:00:00+02:00,7523.2026708910635
2022-02-07 15:30:00+02:00,5217.369833780271
2022-02-07 16:00:00+02:00,2716.810535083454
2022-02-07 16:30:00+02:00,493.9958906432092
2022-02-07 17:00:00+02:00,0.0
2022-02-07 17:30:00+02:00,0.0
2022-02-07 18:00:00+02:00,0.0
2022-02-07 18:30:00+02:00,0.0
2022-02-07 19:00:00+02:00,0.0
2022-02-07 19:30:00+02:00,0.0
2022-02-07 20:00:00+02:00,0.0
2022-02-07 20:30:00+02:00,0.0
2022-02-07 21:00:00+02:00,0.0
2022-02-07 21:30:00+02:00,0.0
2022-02-07 22:00:00+02:00,0.0
2022-02-07 22:30:00+02:00,0.0
2022-02-07 23:00:00+02:00,0.0
2022-02-07 23:30:00+02:00,0.0
2022-02-08 00:00:00+02:00,0.0
2022-02-08 00:30:00+02:00,0.0
2022-02-08 01:00:00+02:00,0.0
2022-02-08 01:30:00+02:00,0.0
2022-02-08 02:00:00+02:00,0.0
2022-02-08 02:30:00+02:00,0.0
2022-02-08 03:00:00+02:00,0.0
2022-02-08 03:30:00+02:00,0.0
2022-02-08 04:00:00+02:00,0.0
2022-02-08 04:30:00+02:00,0.0
2022-02-08 05:00:00+02:00,0.0
2022-02-08 05:30:00+02:00,0.0
2022-02-08 06:00:00+02:00,0.0
2022-02-08 06:30:00+02:00,0.0
2022-02-08 07:00:00+02:00,0.0
2022-02-08 07:30:00+02:00,1155.8704276493363
2022-02-08 08:00:00+02:00,3597.7681007529063
2022-02-08 08:30:00+02:00,6052.63987406811
2022-02-08 09:00:00+02:00,8273.676985920662
2022-02-08 09:30:00+02:00,10202.841765771067
2022-02-08 10:00:00+02:00,11809.495757829867
2022-02-08 10:30:00+02:00,13070.292658542958
2022-02-08 11:00:00+02:00,13966.822788396912
2022-02-08 11:30:00+02:00,14485.784180020957
2022-02-08 12:00:00+02:00,14619.394830196294
2022-02-08 12:30:00+02:00,14365.665189586032
2022-02-08 13:00:00+02:00,13728.473142425939
2022-02-08 13:30:00+02:00,12717.437564231945
2022-02-08 14:00:00+02:00,11347.606009854142
2022-02-08 14:30:00+02:00,9639.069623071311
2022-02-08 15:00:00+02:00,7617.176126868012
2022-02-08 15:30:00+02:00,5317.37122601874
2022-02-08 16:00:00+02:00,2822.8326487704803
2022-02-08 16:30:00+02:00,567.4304704724336
2022-02-08 17:00:00+02:00,0.0
2022-02-08 17:30:00+02:00,0.0
2022-02-08 18:00:00+02:00,0.0
2022-02-08 18:30:00+02:00,0.0
2022-02-08 19:00:00+02:00,0.0
2022-02-08 19:30:00+02:00,0.0
2022-02-08 20:00:00+02:00,0.0
2022-02-08 20:30:00+02:00,0.0
2022-02-08 21:00:00+02:00,0.0
2022-02-08 21:30:00+02:00,0.0
2022-02-08 22:00:00+02:00,0.0
2022-02-08 22:30:00+02:00,0.0
2022-02-08 23:00:00+02:00,0.0
2022-02-08 23:30:00+02:00,0.0
2022-02-09 00:00:00+02:00,0.0
2022-02-09 00:30:00+02:00,0.0
2022-02-09 01:00:00+02:00,0.0
2022-02-09 01:30:00+02:00,0.0
2022-02-09 02:00:00+02:00,0.0
2022-02-09 02:30:00+02:00,0.0
2022-02-09 03:00:00+02:00,0.0
2022-02-09 03:30:00+02:00,0.0
2022-02-09 04:00:00+02:00,0.0
2022-02-09 04:30:00+02:00,0.0
2022-02-09 05:00:00+02:00,0.0
2022-02-09 05:30:00+02:00,0.0
2022-02-09 06:00:00+02:00,0.0
2022-02-09 06:30:00+02:00,0.0
2022-02-09 07:00:00+02:00,0.0
2022-02-09 07:30:00+02:00,1247.0921317598434
2022-02-09 08:00:00+02:00,3696.495582025129
2022-02-09 08:30:00+02:00,6144.984136162099
2022-02-09 09:00:00+02:00,8361.58715494964
2022-02-09 09:30:00+02:00,10288.412678689718
2022-02-09 10:00:00+02:00,11894.026430095048
2022-02-09 10:30:00+02:00,13154.52312334376
2022-02-09 11:00:00+02:00,14051.154206731191
2022-02-09 11:30:00+02:00,14570.421350480416
2022-02-09 12:00:00+02:00,14704.44113119308
2022-02-09 12:30:00+02:00,14451.194944790628
2022-02-09 13:00:00+02:00,13814.598848046127
2022-02-09 13:30:00+02:00,12804.387385139056
2022-02-09 14:00:00+02:00,11435.83053817717
2022-02-09 14:30:00+02:00,9729.404863904983
2022-02-09 15:00:00+02:00,7711.082217004815
2022-02-09 15:30:00+02:00,5417.043589829659
2022-02-09 16:00:00+02:00,2928.507321527903
2022-02-09 16:30:00+02:00,644.7544459549412
2022-02-09 17:00:00+02:00,0.0
2022-02-09 17:30:00+02:00,0.0
2022-02-09 18:00:00+02:00,0.0
2022-02-09 18:30:00+02:00,0.0
2022-02-09 19:00:00+02:00,0.0
2022-02-09 19:30:00+02:00,0.0
2022-02-09 20:00:00+02:00,0.0
2022-02-09 20:30:00+02:00,0.0
2022-02-09 21:00:00+02:00,0.0
2022-02-09 21:30:00+02:00,0.0
2022-02-09 22:00:00+02:00,0.0
2022-02-09 22:30:00+02:00,0.0
2022-02-09 23:00:00+02:00,0.0
2022-02-09 23:30:00+02:00,0.0
2022-02-10 00:00:00+02:00,0.0
2022-02-10 00:30:00+02:00,0.0
2022-02-10 01:00:00+02:00,0.0
2022-02-10 01:30:00+02:00,0.0
2022-02-10 02:00:00+02:00,0.0
2022-02-10 02:30:00+02:00,0.0
2022-02-10 03:00:00+02:00,0.0
2022-02-10 03:30:00+02:00,0.0
2022-02-10 04:00:00+02:00,0.0
2022-02-10 04:30:00+02:00,0.0
2022-02-10 05:00:00+02:00,0.0
2022-02-10 05:30:00+02:00,0.0
2022-02-10 06:00:00+02:00,0.0
2022-02-10 06:30:00+02:00,0.0
2022-02-10 07:00:00+02:00,20.458801124804722
2022-02-10 07:30:00+02:00,1341.3971764124105
2022-02-10 08:00:00+02:00,3796.993612513761
2022-02-10 08:30:00+02:00,6239.149973958758
2022-02-10 09:00:00+02:00,8451.305120690038
2022-02-10 09:30:00+02:00,10375.69014456124
2022-02-10 10:00:00+02:00,11980.11611022283
2022-02-10 10:30:00+02:00,13240.143066147219
2022-02-10 11:00:00+02:00,14136.696774729298
2022-02-10 11:30:00+02:00,14656.090255010526
2022-02-10 12:00:00+02:00,14790.343551023341
2022-02-10 12:30:00+02:00,14537.412095499645
2022-02-10 13:00:00+02:00,13901.251548294504
2022-02-10 13:30:00+02:00,12891.711292518346
2022-02-10 14:00:00+02:00,11524.27901889433
2022-02-10 14:30:00+02:00,9819.8046599251
2022-02-10 15:00:00+02:00,7804.859536115548
2022-02-10 15:30:00+02:00,5516.33392379336
2022-02-10 16:00:00+02:00,3033.752681742341
2022-02-10 16:30:00+02:00,725.4874664264225
2022-02-10 17:00:00+02:00,0.0
2022-02-10 17:30:00+02:00,0.0
2022-02-10 18:00:00+02:00,0.0
2022-02-10 18:30:00+02:00,0.0
2022-02-10 19:00:00+02:00,0.0
2022-02-10 19:30:00+02:00,0.0
2022-02-10 20:00:00+02:00,0.0
2022-02-10 20:30:00+02:00,0.0
2022-02-10 21:00:00+02:00,0.0
2022-02-10 21:30:00+02:00,0.0
2022-02-10 22:00:00+02:00,0.0
2022-02-10 22:30:00+02:00,0.0
2022-02-10 23:00:00+02:00,0.0
2022-02-10 23:30:00+02:00,0.0
2022-02-11 00:00:00+02:00,0.0
2022-02-11 00:30:00+02:00,0.0
2022-02-11 01:00:00+02:00,0.0
2022-02-11 01:30:00+02:00,0.0
2022-02-11 02:00:00+02:00,0.0
2022-02-11 02:30:00+02:00,0.0
2022-02-11 03:00:00+02:00,0.0
2022-02-11 03:30:00+02:00,0.0
2022-02-11 04:00:00+02:00,0.0
2022-02-11 04:30:00+02:00,0.0
2022-02-11 05:00:00+02:00,0.0
2022-02-11 05:30:00+02:00,0.0
2022-02-11 06:00:00+02:00,0.0
2022-02-11 06:30:00+02:00,0.0
2022-02-11 07:00:00+02:00,31.66522081405306
2022-02-11 07:30:00+02:00,1438.5834563346098
2022-02-11 08:00:00+02:00,3899.165655878216
2022-02-11 08:30:00+02:00,6335.043682607821
2022-02-11 09:00:00+02:00,8542.738186137238
2022-02-11 09:30:00+02:00,10464.583479381505
2022-02-11 10:00:00+02:00,12067.676159652357
2022-02-11 10:30:00+02:00,13327.065744100446
2022-02-11 11:00:00+02:00,14223.365589558432
2022-02-11 11:30:00+02:00,14742.707904323906
2022-02-11 12:00:00+02:00,14877.021188075014
2022-02-11 12:30:00+02:00,14624.238068816152
2022-02-11 13:00:00+02:00,13988.35528895866
2022-02-11 13:30:00+02:00,12979.336308449267
2022-02-11 14:00:00+02:00,11612.881976244098
2022-02-11 14:30:00+02:00,9910.20401775578
2022-02-11 15:00:00+02:00,7898.449598707011
2022-02-11 15:30:00+02:00,5615.1925123563315
2022-02-11 16:00:00+02:00,3138.4953760274116
2022-02-11 16:30:00+02:00,809.164803951278
2022-02-11 17:00:00+02:00,0.0
2022-02-11 17:30:00+02:00,0.0
2022-02-11 18:00:00+02:00,0.0
2022-02-11 18:30:00+02:00,0.0
2022-02-11 19:00:00+02:00,0.0
2022-02-11 19:30:00+02:00,0.0
2022-02-11 20:00:00+02:00,0.0
2022-02-11 20:30:00+02:00,0.0
2022-02-11 21:00:00+02:00,0.0
2022-02-11 21:30:00+02:00,0.0
2022-02-11 22:00:00+02:00,0.0
2022-02-11 22:30:00+02:00,0.0
2022-02-11 23:00:00+02:00,0.0
2022-02-11 23:30:00+02:00,0.0
2022-02-12 00:00:00+02:00,0.0
2022-02-12 00:30:00+02:00,0.0
2022-02-12 01:00:00+02:00,0.0
2022-02-12 01:30:00+02:00,0.0
2022-02-12 02:00:00+02:00,0.0
2022-02-12 02:30:00+02:00,0.0
2022-02-12 03:00:00+02:00,0.0
2022-02-12 03:30:00+02:00,0.0
2022-02-12 04:00:00+02:00,0.0
2022-02-12 04:30:00+02:00,0.0
2022-02-12 05:00:00+02:00,0.0
2022-02-12 05:30:00+02:00,0.0
2022-02-12 06:00:00+02:00,0.0
2022-02-12 06:30:00+02:00,0.0
2022-02-12 07:00:00+02:00,46.99656252703352
2022-02-12 07:30:00+02:00,1538.4508771664084
2022-02-12 08:00:00+02:00,4002.9170296066154
2022-02-12 08:30:00+02:00,6432.572784752141
2022-02-12 09:00:00+02:00,8635.794419030142
2022-02-12 09:30:00+02:00,10555.00252832937
2022-02-12 10:00:00+02:00,12156.618426924593
2022-02-12 10:30:00+02:00,13415.204987265826
2022-02-12 11:00:00+02:00,14311.076487761733
2022-02-12 11:30:00+02:00,14830.19226471499
2022-02-12 12:00:00+02:00,14964.394343615708
2022-02-12 12:30:00+02:00,14711.59576154555
2022-02-12 13:00:00+02:00,14075.835865545172
2022-02-12 13:30:00+02:00,13067.191494621444
2022-02-12 14:00:00+02:00,11701.572270484547
2022-02-12 14:30:00+02:00,10000.540571504884
2022-02-12 15:00:00+02:00,7991.796794747952
2022-02-12 15:30:00+02:00,5713.572816006149
2022-02-12 16:00:00+02:00,3242.669836740122
2022-02-12 16:30:00+02:00,895.3467296387212
2022-02-12 17:00:00+02:00,0.0
2022-02-12 17:30:00+02:00,0.0
2022-02-12 18:00:00+02:00,0.0
2022-02-12 18:30:00+02:00,0.0
2022-02-12 19:00:00+02:00,0.0
2022-02-12 19:30:00+02:00,0.0
2022-02-12 20:00:00+02:00,0.0
2022-02-12 20:30:00+02:00,0.0
2022-02-12 21:00:00+02:00,0.0
2022-02-12 21:30:00+02:00,0.0
2022-02-12 22:00:00+02:00,0.0
2022-02-12 22:30:00+02:00,0.0
2022-02-12 23:00:00+02:00,0.0
2022-02-12 23:30:00+02:00,0.0
2022-02-13 00:00:00+02:00,0.0
2022-02-13 00:30:00+02:00,0.0
2022-02-13 01:00:00+02:00,0.0
2022-02-13 01:30:00+02:00,0.0
2022-02-13 02:00:00+02:00,0.0
2022-02-13 02:30:00+02:00,0.0
2022-02-13 03:00:00+02:00,0.0
2022-02-13 03:30:00+02:00,0.0
2022-02-13 04:00:00+02:00,0.0
2022-02-13 04:30:00+02:00,0.0
2022-02-13 05:00:00+02:00,0.0
2022-02-13 05:30:00+02:00,0.0
2022-02-13 06:00:00+02:00,0.0
2022-02-13 06:30:00+02:00,0.0
2022-02-13 07:00:00+02:00,67.24854463805427
2022-02-13 07:30:00+02:00,1640.803632200961
2022-02-13 08:00:00+02:00,4108.155033363291
2022-02-13 08:30:00+02:00,6531.64613710552
2022-02-13 09:00:00+02:00,8730.382798264107
2022-02-13 09:30:00+02:00,10646.85783188742
2022-02-13 10:00:00+02:00,12246.855419404743
2022-02-13 10:30:00+02:00,13504.475368798388
2022-02-13 11:00:00+02:00,14399.74620869914
2022-02-13 11:30:00+02:00,14918.46241211727
2022-02-13 12:00:00+02:00,15052.384664267278
2022-02-13 12:30:00+02:00,14799.409669371802
2022-02-13 13:00:00+02:00,14163.62093710612
2022-02-13 13:30:00+02:00,13155.20804844674
2022-02-13 14:00:00+02:00,11790.285172732229
2022-02-13 14:30:00+02:00,10090.754630400577
2022-02-13 15:00:00+02:00,8084.8484045970035
2022-02-13 15:30:00+02:00,5811.431431373585
2022-02-13 16:00:00+02:00,3346.2176782058004
2022-02-13 16:30:00+02:00,983.6244421819283
2022-02-13 17:00:00+02:00,0.0
2022-02-13 17:30:00+02:00,0.0
2022-02-13 18:00:00+02:00,0.0
2022-02-13 18:30:00+02:00,0.0
2022-02-13 19:00:00+02:00,0.0
2022-02-13 19:30:00+02:00,0.0
2022-02-13 20:00:00+02:00,0.0
2022-02-13 20:30:00+02:00,0.0
2022-02-13 21:00:00+02:00,0.0
2022-02-13 21:30:00+02:00,0.0
2022-02-13 22:00:00+02:00,0.0
2022-02-13 22:30:00+02:00,0.0
2022-02-13 23:00:00+02:00,0.0
2022-02-13 23:30:00+02:00,0.0
2022-02-14 00:00:00+02:00,0.0
2022-02-14 00:30:00+02:00,0.0
2022-02-14 01:00:00+02:00,0.0
2022-02-14 01:30:00+02:00,0.0
2022-02-14 02:00:00+02:00,0.0
2022-02-14 02:30:00+02:00,0.0
2022-02-14 03:00:00+02:00,0.0
2022-02-14 03:30:00+02:00,0.0
2022-02-14 04:00:00+02:00,0.0
2022-02-14 04:30:00+02:00,0.0
2022-02-14 05:00:00+02:00,0.0
2022-02-14 05:30:00+02:00,0.0
2022-02-14 06:00:00+02:00,0.0
2022-02-14 06:30:00+02:00,0.0
2022-02-14 07:00:00+02:00,93.13534743484118
2022-02-14 07:30:00+02:00,1745.4519163275743
2022-02-14 08:00:00+02:00,4214.789002181566
2022-02-14 08:30:00+02:00,6632.173982166587
2022-02-14 09:00:00+02:00,8826.413309984919
2022-02-14 09:30:00+02:00,10740.06074981031
2022-02-14 10:00:00+02:00,12338.300440719382
2022-02-14 10:30:00+02:00,13594.792347606071
2022-02-14 11:00:00+02:00,14489.292538967577
2022-02-14 11:30:00+02:00,15007.438675920986
2022-02-14 12:00:00+02:00,15140.915283187396
2022-02-14 12:30:00+02:00,14887.60602337847
2022-02-14 13:00:00+02:00,14251.640155850535
2022-02-14 13:30:00+02:00,13243.319422416209
2022-02-14 14:00:00+02:00,11878.95846998538
2022-02-14 14:30:00+02:00,10180.7892647737
2022-02-14 15:00:00+02:00,8177.554660012977
2022-02-14 15:30:00+02:00,5908.728106373525
2022-02-14 16:00:00+02:00,3449.0872030912437
2022-02-14 16:30:00+02:00,1073.623301459109
2022-02-14 17:00:00+02:00,0.0
2022-02-14 17:30:00+02:00,0.0
2022-02-14 18:00:00+02:00,0.0
2022-02-14 18:30:00+02:00,0.0
2022-02-14 19:00:00+02:00,0.0
2022-02-14 19:30:00+02:00,0.0
2022-02-14 20:00:00+02:00,0.0
2022-02-14 20:30:00+02:00,0.0
2022-02-14 21:00:00+02:00,0.0
2022-02-14 21:30:00+02:00,0.0
2022-02-14 22:00:00+02:00,0.0
2022-02-14 22:30:00+02:00,0.0
2022-02-14 23:00:00+02:00,0.0
2022-02-14 23:30:00+02:00,0.0
2022-02-15 00:00:00+02:00,0.0
2022-02-15 00:30:00+02:00,0.0
2022-02-15 01:00:00+02:00,0.0
2022-02-15 01:30:00+02:00,0.0
2022-02-15 02:00:00+02:00,0.0
2022-02-15 02:30:00+02:00,0.0
2022-02-15 03:00:00+02:00,0.0
2022-02-15 03:30:00+02:00,0.0
2022-02-15 04:00:00+02:00,0.0
2022-02-15 04:30:00+02:00,0.0
2022-02-15 05:00:00+02:00,0.0
2022-02-15 05:30:00+02:00,0.0
2022-02-15 06:00:00+02:00,0.0
2022-02-15 06:30:00+02:00,0.0
2022-02-15 07:00:00+02:00,128.93958585871704
2022-02-15 07:30:00+02:00,1871.0821253645104
2022-02-15 08:00:00+02:00,4348.018711018792
2022-02-15 08:30:00+02:00,6761.827142834905
2022-02-15 09:00:00+02:00,8952.674945643774
2022-02-15 09:30:00+02:00,10863.974855219885
2022-02-15 10:00:00+02:00,12460.63711319486
2022-02-15 10:30:00+02:00,13716.025080845222
2022-02-15 11:00:00+02:00,14609.690852877504
2022-02-15 11:30:00+02:00,15127.149893845875
2022-02-15 12:00:00+02:00,15260.02764831851
2022-02-15 12:30:00+02:00,15006.200654924314
2022-02-15 13:00:00+02:00,14369.840010791697
2022-02-15 13:30:00+02:00,13361.343163736186
2022-02-15 14:00:00+02:00,11997.187609341268
2022-02-15 14:30:00+02:00,10299.854872745025
2022-02-15 15:00:00+02:00,8298.422661314056
2022-02-15 15:30:00+02:00,6032.559061518693
2022-02-15 16:00:00+02:00,3575.1018041705634
2022-02-15 16:30:00+02:00,1180.1137140410822
2022-02-15 17:00:00+02:00,10.72568163192589
2022-02-15 17:30:00+02:00,0.0
2022-02-15 18:00:00+02:00,0.0
2022-02-15 18:30:00+02:00,0.0
2022-02-15 19:00:00+02:00,0.0
2022-02-15 19:30:00+02:00,0.0
2022-02-15 20:00:00+02:00,0.0
2022-02-15 20:30:00+02:00,0.0
2022-02-15 21:00:00+02:00,0.0
2022-02-15 21:30:00+02:00,0.0
2022-02-15 22:00:00+02:00,0.0
2022-02-15 22:30:00+02:00,0.0
2022-02-15 23:00:00+02:00,0.0
2022-02-15 23:30:00+02:00,0.0
2022-02-16 00:00:00+02:00,0.0
2022-02-16 00:30:00+02:00,0.0
2022-02-16 01:00:00+02:00,0.0
2022-02-16 01:30:00+02:00,0.0
2022-02-16 02:00:00+02:00,0.0
2022-02-16 02:30:00+02:00,0.0
2022-02-16 03:00:00+02:00,0.0
2022-02-16 03:30:00+02:00,0.0
2022-02-16 04:00:00+02:00,0.0
2022-02-16 04:30:00+02:00,0.0
2022-02-16 05:00:00+02:00,0.0
2022-02-16 05:30:00+02:00,0.0
2022-02-16 06:00:00+02:00,0.0
2022-02-16 06:30:00+02:00,0.0
2022-02-16 07:00:00+02:00,172.85968990392172
2022-02-16 07:30:00+02:00,1999.0982379925572
2022-02-16 08:00:00+02:00,4482.186942829668
2022-02-16 08:30:00+02:00,6892.3057781727875
2022-02-16 09:00:00+02:00,9079.720432190255
2022-02-16 09:30:00+02:00,10988.58928784358
2022-02-16 10:00:00+02:00,12583.55449328016
2022-02-16 10:30:00+02:00,13837.696540827956
2022-02-16 11:00:00+02:00,14730.374025432313
2022-02-16 11:30:00+02:00,15246.987524303036
2022-02-16 12:00:00+02:00,15379.108440378295
2022-02-16 12:30:00+02:00,15124.609469787147
2022-02-16 13:00:00+02:00,14487.705178414762
2022-02-16 13:30:00+02:00,13478.888436669216
2022-02-16 14:00:00+02:00,12114.796762547747
2022-02-16 14:30:00+02:00,10418.155152571067
2022-02-16 15:00:00+02:00,8418.368719794706
2022-02-16 15:30:00+02:00,6155.316879421916
2022-02-16 16:00:00+02:00,3700.1634685441713
2022-02-16 16:30:00+02:00,1288.4897289343035
2022-02-16 17:00:00+02:00,19.12251704305382
2022-02-16 17:30:00+02:00,0.0
2022-02-16 18:00:00+02:00,0.0
2022-02-16 18:30:00+02:00,0.0
2022-02-16 19:00:00+02:00,0.0
2022-02-16 19:30:00+02:00,0.0
2022-02-16 20:00:00+02:00,0.0
2022-02-16 20:30:00+02:00,0.0
2022-02-16 21:00:00+02:00,0.0
2022-02-16 21:30:00+02:00,0.0
2022-02-16 22:00:00+02:00,0.0
2022-02-16 22:30:00+02:00,0.0
2022-02-16 23:00:00+02:00,0.0
2022-02-16 23:30:00+02:00,0.0
2022-02-17 00:00:00+02:00,0.0
2022-02-17 00:30:00+02:00,0.0
2022-02-17 01:00:00+02:00,0.0
2022-02-17 01:30:00+02:00,0.0
2022-02-17 02:00:00+02:00,0.0
2022-02-17 02:30:00+02:00,0.0
2022-02-17 03:00:00+02:00,0.0
2022-02-17 03:30:00+02:00,0.0
2022-02-17 04:00:00+02:00,0.0
2022-02-17 04:30:00+02:00,0.0
2022-02-17 05:00:00+02:00,0.0
2022-02-17 05:30:00+02:00,0.0
2022-02-17 06:00:00+02:00,0.0
2022-02-17 06:30:00+02:00,0.0
2022-02-17 07:00:00+02:00,225.2158908415795
2022-02-17 07:30:00+02:00,2129.239435883337
2022-02-17 08:00:00+02:00,4617.195649286951
2022-02-17 08:30:00+02:00,7023.529370488017
2022-02-17 09:00:00+02:00,9207.47128680446
2022-02-17 09:30:00+02:00,11113.826394257352
2022-02-17 10:00:00+02:00,12706.976142653079
2022-02-17 10:30:00+02:00,13959.732050956622
2022-02-17 11:00:00+02:00,14851.269688423954
2022-02-17 11:30:00+02:00,15366.882041365549
2022-02-17 12:00:00+02:00,15498.091497520225
2022-02-17 12:30:00+02:00,15242.77018218682
2022-02-17 13:00:00+02:00,14605.177759477447
2022-02-17 13:30:00+02:00,13595.902258330541
2022-02-17 14:00:00+02:00,12231.738447193633
2022-02-17 14:30:00+02:00,10535.648768723424
2022-02-17 15:00:00+02:00,8537.357973647291
2022-02-17 15:30:00+02:00,6276.969616449638
2022-02-17 16:00:00+02:00,3824.204684315776
2022-02-17 16:30:00+02:00,1398.3351462935227
2022-02-17 17:00:00+02:00,31.300513532430433
2022-02-17 17:30:00+02:00,0.0
2022-02-17 18:00:00+02:00,0.0
2022-02-17 18:30:00+02:00,0.0
2022-02-17 19:00:00+02:00,0.0
2022-02-17 19:30:00+02:00,0.0
2022-02-17 20:00:00+02:00,0.0
2022-02-17 20:30:00+02:00,0.0
2022-02-17 21:00:00+02:00,0.0
2022-02-17 21:30:00+02:00,0.0
2022-02-17 22:00:00+02:00,0.0
2022-02-17 22:30:00+02:00,0.0
2022-02-17 23:00:00+02:00,0.0
2022-02-17 23:30:00+02:00,0.0
2022-02-18 00:00:00+02:00,0.0
2022-02-18 00:30:00+02:00,0.0
2022-02-18 01:00:00+02:00,0.0
2022-02-18 01:30:00+02:00,0.0
2022-02-18 02:00:00+02:00,0.0
2022-02-18 02:30:00+02:00,0.0
2022-02-18 03:00:00+02:00,0.0
2022-02-18 03:30:00+02:00,0.0
2022-02-18 04:00:00+02:00,0.0
2022-02-18 04:30:00+02:00,0.0
2022-02-18 05:00:00+02:00,0.0
2022-02-18 05:30:00+02:00,0.0
2022-02-18 06:00:00+02:00,0.0
2022-02-18 06:30:00+02:00,0.0
2022-02-18 07:00:00+02:00,286.0794168023782
2022-02-18 07:30:00+02:00,2261.2616517167876
2022-02-18 08:00:00+02:00,4752.9508092211345
2022-02-18 08:30:00+02:00,7155.419294559335
2022-02-18 09:00:00+02:00,9335.85044074147
2022-02-18 09:30:00+02:00,11239.60981883226
2022-02-18 10:00:00+02:00,12830.826954009792
2022-02-18 10:30:00+02:00,14082.058380511626
2022-02-18 11:00:00+02:00,14972.307081396168
2022-02-18 11:30:00+02:00,15486.765715098885
2022-02-18 12:00:00+02:00,15616.912654588088
2022-02-18 12:30:00+02:00,15360.622706493341
2022-02-18 13:00:00+02:00,14722.20225413912
2022-02-18 13:30:00+02:00,13712.334235450146
2022-02-18 14:00:00+02:00,12347.96795048052
2022-02-18 14:30:00+02:00,10652.297334912702
2022-02-18 15:00:00+02:00,8655.358762093094
2022-02-18 15:30:00+02:00,6397.489365530048
2022-02-18 16:00:00+02:00,3947.1676939248537
2022-02-18 16:30:00+02:00,1509.2777903770325
2022-02-18 17:00:00+02:00,48.03825830889054
2022-02-18 17:30:00+02:00,0.0
2022-02-18 18:00:00+02:00,0.0
2022-02-18 18:30:00+02:00,0.0
2022-02-18 19:00:00+02:00,0.0
2022-02-18 19:30:00+02:00,0.0
2022-02-18 20:00:00+02:00,0.0
2022-02-18 20:30:00+02:00,0.0
2022-02-18 21:00:00+02:00,0.0
2022-02-18 21:30:00+02:00,0.0
2022-02-18 22:00:00+02:00,0.0
2022-02-18 22:30:00+02:00,0.0
2022-02-18 23:00:00+02:00,0.0
2022-02-18 23:30:00+02:00,0.0
2022-02-19 00:00:00+02:00,0.0
2022-02-19 00:30:00+02:00,0.0
2022-02-19 01:00:00+02:00,0.0
2022-02-19 01:30:00+02:00,0.0
2022-02-19 02:00:00+02:00,0.0
2022-02-19 02:30:00+02:00,0.0
2022-02-19 03:00:00+02:00,0.0
2022-02-19 03:30:00+02:00,0.0
2022-02-19 04:00:00+02:00,0.0
2022-02-19 04:30:00+02:00,0.0
2022-02-19 05:00:00+02:00,0.0
2022-02-19 05:30:00+02:00,0.0
2022-02-19 06:00:00+02:00,0.0
2022-02-19 06:30:00+02:00,0.0
2022-02-19 07:00:00+02:00,355.29901638856444
2022-02-19 07:30:00+02:00,2394.937687913951
2022-02-19 08:00:00+02:00,4889.362252341907
2022-02-19 08:30:00+02:00,7287.8987451390285
2022-02-19 09:00:00+02:00,9464.782196035316
2022-02-19 09:30:00+02:00,11365.864463893437
2022-02-19 10:00:00+02:00,12955.033099773467
2022-02-19 10:30:00+02:00,14204.603672707764
2022-02-19 11:00:00+02:00,15093.416953153432
2022-02-19 11:30:00+02:00,15606.57248213612
2022-02-19 12:00:00+02:00,15735.50957950534
2022-02-19 12:30:00+02:00,15478.108956786326
2022-02-19 13:00:00+02:00,14838.725322466147
2022-02-19 13:30:00+02:00,13828.136284115782
2022-02-19 14:00:00+02:00,12463.443005772027
2022-02-19 14:30:00+02:00,10768.065042693821
2022-02-19 15:00:00+02:00,8772.342191550946
2022-02-19 15:30:00+02:00,6516.851688913894
2022-02-19 16:00:00+02:00,4069.003229960196
2022-02-19 16:30:00+02:00,1620.9872774728074
2022-02-19 17:00:00+02:00,69.99743932954942
2022-02-19 17:30:00+02:00,0.0
2022-02-19 18:00:00+02:00,0.0
2022-02-19 18:30:00+02:00,0.0
2022-02-19 19:00:00+02:00,0.0
2022-02-19 19:30:00+02:00,0.0
2022-02-19 20:00:00+02:00,0.0
2022-02-19 20:30:00+02:00,0.0
2022-02-19 21:00:00+02:00,0.0
2022-02-19 21:30:00+02:00,0.0
2022-02-19 22:00:00+02:00,0.0
2022-02-19 22:30:00+02:00,0.0
2022-02-19 23:00:00+02:00,0.0
2022-02-19 23:30:00+02:00,0.0
2022-02-20 00:00:00+02:00,0.0
2022-02-20 00:30:00+02:00,0.0
2022-02-20 01:00:00+02:00,0.0
2022-02-20 01:30:00+02:00,0.0
2022-02-20 02:00:00+02:00,0.0
2022-02-20 02:30:00+02:00,0.0
2022-02-20 03:00:00+02:00,0.0
2022-02-20 03:30:00+02:00,0.0
2022-02-20 04:00:00+02:00,0.0
2022-02-20 04:30:00+02:00,0.0
2022-02-20 05:00:00+02:00,0.0
2022-02-20 05:30:00+02:00,0.0
2022-02-20 06:00:00+02:00,0.0
2022-02-20 06:30:00+02:00,0.0
2022-02-20 07:00:00+02:00,432.54126537257866
2022-02-20 07:30:00+02:00,2530.0569040153614
2022-02-20 08:00:00+02:00,5026.343425287801
2022-02-20 08:30:00+02:00,7420.892616200088
2022-02-20 09:00:00+02:00,9594.192127299722
2022-02-20 09:30:00+02:00,11492.51638459174
2022-02-20 10:00:00+02:00,13079.521903954925
2022-02-20 10:30:00+02:00,14327.297282449246
2022-02-20 11:00:00+02:00,15214.531358451595
2022-02-20 11:30:00+02:00,15726.237696475453
2022-02-20 12:00:00+02:00,15853.821474885857
2022-02-20 12:30:00+02:00,15595.172497169695
2022-02-20 13:00:00+02:00,14954.695382303318
2022-02-20 13:30:00+02:00,13943.262173989246
2022-02-20 14:00:00+02:00,12578.123281832753
2022-02-20 14:30:00+02:00,10882.918093207258
2022-02-20 15:00:00+02:00,8888.281498156739
2022-02-20 15:30:00+02:00,6635.034847191559
2022-02-20 16:00:00+02:00,4189.669104858291
2022-02-20 16:30:00+02:00,1733.171852037713
2022-02-20 17:00:00+02:00,97.66630832365028
2022-02-20 17:30:00+02:00,0.0
2022-02-20 18:00:00+02:00,0.0
2022-02-20 18:30:00+02:00,0.0
2022-02-20 19:00:00+02:00,0.0
2022-02-20 19:30:00+02:00,0.0
2022-02-20 20:00:00+02:00,0.0
2022-02-20 20:30:00+02:00,0.0
2022-02-20 21:00:00+02:00,0.0
2022-02-20 21:30:00+02:00,0.0
2022-02-20 22:00:00+02:00,0.0
2022-02-20 22:30:00+02:00,0.0
2022-02-20 23:00:00+02:00,0.0
2022-02-20 23:30:00+02:00,0.0
2022-02-21 00:00:00+02:00,0.0
2022-02-21 00:30:00+02:00,0.0
2022-02-21 01:00:00+02:00,0.0
2022-02-21 01:30:00+02:00,0.0
2022-02-21 02:00:00+02:00,0.0
2022-02-21 02:30:00+02:00,0.0
2022-02-21 03:00:00+02:00,0.0
2022-02-21 03:30:00+02:00,0.0
2022-02-21 04:00:00+02:00,0.0
2022-02-21 04:30:00+02:00,0.0
2022-02-21 05:00:00+02:00,0.0
2022-02-21 05:30:00+02:00,0.0
2022-02-21 06:00:00+02:00,0.0
2022-02-21 06:30:00+02:00,0.0
2022-02-21 07:00:00+02:00,517.3362553817564
2022-02-21 07:30:00+02:00,2666.424612591721
2022-02-21 08:00:00+02:00,5163.811152602572
2022-02-21 08:30:00+02:00,7554.327380434923
2022-02-21 09:00:00+02:00,9724.006977157567
2022-02-21 09:30:00+02:00,11619.492667807015
2022-02-21 10:00:00+02:00,13204.221687559131
2022-02-21 10:30:00+02:00,14450.069577343449
2022-02-21 11:00:00+02:00,15335.58340680025
2022-02-21 11:30:00+02:00,15845.69782107841
2022-02-21 12:00:00+02:00,15971.7887091501
2022-02-21 12:30:00+02:00,15711.758110572635
2022-02-21 13:00:00+02:00,15070.062114690605
2022-02-21 13:30:00+02:00,14057.666970263983
2022-02-21 14:00:00+02:00,12691.969761247334
2022-02-21 14:30:00+02:00,10996.824010279495
2022-02-21 15:00:00+02:00,9003.15128833138
2022-02-21 15:30:00+02:00,6752.018911997358
2022-02-21 16:00:00+02:00,4309.128746768149
2022-02-21 16:30:00+02:00,1845.5746911702613
2022-02-21 17:00:00+02:00,131.33058206432094
2022-02-21 17:30:00+02:00,0.0
2022-02-21 18:00:00+02:00,0.0
2022-02-21 18:30:00+02:00,0.0
2022-02-21 19:00:00+02:00,0.0
2022-02-21 19:30:00+02:00,0.0
2022-02-21 20:00:00+02:00,0.0
2022-02-21 20:30:00+02:00,0.0
2022-02-21 21:00:00+02:00,0.0
2022-02-21 21:30:00+02:00,0.0
2022-02-21 22:00:00+02:00,0.0
2022-02-21 22:30:00+02:00,0.0
2022-02-21 23:00:00+02:00,0.0
2022-02-21 23:30:00+02:00,0.0
2022-02-22 00:00:00+02:00,0.0
2022-02-22 00:30:00+02:00,0.0
2022-02-22 01:00:00+02:00,0.0
2022-02-22 01:30:00+02:00,0.0
2022-02-22 02:00:00+02:00,0.0
2022-02-22 02:30:00+02:00,0.0
2022-02-22 03:00:00+02:00,0.0
2022-02-22 03:30:00+02:00,0.0
2022-02-22 04:00:00+02:00,0.0
2022-02-22 04:30:00+02:00,0.0
2022-02-22 05:00:00+02:00,0.0
2022-02-22 05:30:00+02:00,0.0
2022-02-22 06:00:00+02:00,0.0
2022-02-22 06:30:00+02:00,0.0
2022-02-22 07:00:00+02:00,609.1222646731286
2022-02-22 07:30:00+02:00,2803.8613155442104
2022-02-22 08:00:00+02:00,5301.685442290916
2022-02-22 08:30:00+02:00,7688.131014899657
2022-02-22 09:00:00+02:00,9854.154592963012
2022-02-22 09:30:00+02:00,11746.721347554523
2022-02-22 10:00:00+02:00,13329.061644019635
2022-02-22 10:30:00+02:00,14572.851762108125
2022-02-22 11:00:00+02:00,15456.507028913347
2022-02-22 11:30:00+02:00,15964.890131383294
2022-02-22 12:00:00+02:00,16089.352454271224
2022-02-22 12:30:00+02:00,15827.811369126302
2022-02-22 13:00:00+02:00,15184.7759666118
2022-02-22 13:30:00+02:00,14171.306469393341
2022-02-22 14:00:00+02:00,12804.944110507924
2022-02-22 14:30:00+02:00,11109.750944927066
2022-02-22 15:00:00+02:00,9116.926771568285
2022-02-22 15:30:00+02:00,6867.784880556045
2022-02-22 16:00:00+02:00,4427.349794118523
2022-02-22 16:30:00+02:00,1957.970018082387
2022-02-22 17:00:00+02:00,171.07141499472857
2022-02-22 17:30:00+02:00,0.0
2022-02-22 18:00:00+02:00,0.0
2022-02-22 18:30:00+02:00,0.0
2022-02-22 19:00:00+02:00,0.0
2022-02-22 19:30:00+02:00,0.0
2022-02-22 20:00:00+02:00,0.0
2022-02-22 20:30:00+02:00,0.0
2022-02-22 21:00:00+02:00,0.0
2022-02-22 21:30:00+02:00,0.0
2022-02-22 22:00:00+02:00,0.0
2022-02-22 22:30:00+02:00,0.0
2022-02-22 23:00:00+02:00,0.0
2022-02-22 23:30:00+02:00,0.0
2022-02-23 00:00:00+02:00,0.0
2022-02-23 00:30:00+02:00,0.0
2022-02-23 01:00:00+02:00,0.0
2022-02-23 01:30:00+02:00,0.0
2022-02-23 02:00:00+02:00,0.0
2022-02-23 02:30:00+02:00,0.0
2022-02-23 03:00:00+02:00,0.0
2022-02-23 03:30:00+02:00,0.0
2022-02-23 04:00:00+02:00,0.0
2022-02-23 04:30:00+02:00,0.0
2022-02-23 05:00:00+02:00,0.0
2022-02-23 05:30:00+02:00,0.0
2022-02-23 06:00:00+02:00,0.0
2022-02-23 06:30:00+02:00,0.0
2022-02-23 07:00:00+02:00,707.2853615339613
2022-02-23 07:30:00+02:00,2942.201860502979
2022-02-23 08:00:00+02:00,5439.889348892346
2022-02-23 08:30:00+02:00,7822.232984574583
2022-02-23 09:00:00+02:00,9984.56391963947
2022-02-23 09:30:00+02:00,11874.131375917854
2022-02-23 10:00:00+02:00,13453.971771980192
2022-02-23 10:30:00+02:00,14695.575762939974
2022-02-23 11:00:00+02:00,15577.236804853044
2022-02-23 11:30:00+02:00,16083.75248286068
2022-02-23 12:00:00+02:00,16206.454389877674
2022-02-23 12:30:00+02:00,15943.278273815666
2022-02-23 13:00:00+02:00,15298.78772654706
2022-02-23 13:30:00+02:00,14284.136711439902
2022-02-23 14:00:00+02:00,12917.008130514301
2022-02-23 14:30:00+02:00,11221.667066316944
2022-02-23 15:00:00+02:00,9229.583087952027
2022-02-23 15:30:00+02:00,6982.313899268369
2022-02-23 16:00:00+02:00,4544.3028590213935
2022-02-23 16:30:00+02:00,2070.1593060337004
2022-02-23 17:00:00+02:00,216.78445254954147
2022-02-23 17:30:00+02:00,0.0
2022-02-23 18:00:00+02:00,0.0
2022-02-23 18:30:00+02:00,0.0
2022-02-23 19:00:00+02:00,0.0
2022-02-23 19:30:00+02:00,0.0
2022-02-23 20:00:00+02:00,0.0
2022-02-23 20:30:00+02:00,0.0
2022-02-23 21:00:00+02:00,0.0
2022-02-23 21:30:00+02:00,0.0
2022-02-23 22:00:00+02:00,0.0
2022-02-23 22:30:00+02:00,0.0
2022-02-23 23:00:00+02:00,0.0
2022-02-23 23:30:00+02:00,0.0
2022-02-24 00:00:00+02:00,0.0
2022-02-24 00:30:00+02:00,0.0
2022-02-24 01:00:00+02:00,0.0
2022-02-24 01:30:00+02:00,0.0
2022-02-24 02:00:00+02:00,0.0
2022-02-24 02:30:00+02:00,0.0
2022-02-24 03:00:00+02:00,0.0
2022-02-24 03:30:00+02:00,0.0
2022-02-24 04:00:00+02:00,0.0
2022-02-24 04:30:00+02:00,0.0
2022-02-24 05:00:00+02:00,0.0
2022-02-24 05:30:00+02:00,0.0
2022-02-24 06:00:00+02:00,0.0
2022-02-24 06:30:00+02:00,0.0
2022-02-24 07:00:00+02:00,811.1919547709897
2022-02-24 07:30:00+02:00,3081.2945639905042
2022-02-24 08:00:00+02:00,5578.348886850049
2022-02-24 08:30:00+02:00,7956.564277432275
2022-02-24 09:00:00+02:00,10115.165048721137
2022-02-24 09:30:00+02:00,12001.652655492158
2022-02-24 10:00:00+02:00,13578.882876953268
2022-02-24 10:30:00+02:00,14818.17418870348
2022-02-24 11:00:00+02:00,15697.707879742315
2022-02-24 11:30:00+02:00,16202.223177309637
2022-02-24 12:00:00+02:00,16323.036518197592
2022-02-24 12:30:00+02:00,16058.105017183741
2022-02-24 13:00:00+02:00,15412.0482347278
2022-02-24 13:30:00+02:00,14396.113639696237
2022-02-24 14:00:00+02:00,13028.123367205044
2022-02-24 14:30:00+02:00,11332.540124777493
2022-02-24 15:00:00+02:00,9341.094821483426
2022-02-24 15:30:00+02:00,7095.586692999372
2022-02-24 16:00:00+02:00,4659.960555467646
2022-02-24 16:30:00+02:00,2181.967784275293
2022-02-24 17:00:00+02:00,268.21183686074295
2022-02-24 17:30:00+02:00,0.0
2022-02-24 18:00:00+02:00,0.0
2022-02-24 18:30:00+02:00,0.0
2022-02-24 19:00:00+02:00,0.0
2022-02-24 19:30:00+02:00,0.0
2022-02-24 20:00:00+02:00,0.0
2022-02-24 20:30:00+02:00,0.0
2022-02-24 21:00:00+02:00,0.0
2022-02-24 21:30:00+02:00,0.0
2022-02-24 22:00:00+02:00,0.0
2022-02-24 22:30:00+02:00,0.0
2022-02-24 23:00:00+02:00,0.0
2022-02-24 23:30:00+02:00,0.0
2022-02-25 00:00:00+02:00,0.0
2022-02-25 00:30:00+02:00,0.0
2022-02-25 01:00:00+02:00,0.0
2022-02-25 01:30:00+02:00,0.0
2022-02-25 02:00:00+02:00,0.0
2022-02-25 02:30:00+02:00,0.0
2022-02-25 03:00:00+02:00,0.0
2022-02-25 03:30:00+02:00,0.0
2022-02-25 04:00:00+02:00,0.0
2022-02-25 04:30:00+02:00,0.0
2022-02-25 05:00:00+02:00,0.0
2022-02-25 05:30:00+02:00,0.0
2022-02-25 06:00:00+02:00,0.0
2022-02-25 06:30:00+02:00,0.0
2022-02-25 07:00:00+02:00,920.2138333480274
2022-02-25 07:30:00+02:00,3221.000331221072
2022-02-25 08:00:00+02:00,5716.992983456208
2022-02-25 08:30:00+02:00,8091.057481375032
2022-02-25 09:00:00+02:00,10245.889317556266
2022-02-25 09:30:00+02:00,12129.216135715651
2022-02-25 10:00:00+02:00,13703.726652225761
2022-02-25 10:30:00+02:00,14940.580389559105
2022-02-25 11:00:00+02:00,15817.85599493125
2022-02-25 11:30:00+02:00,16320.240964072103
2022-02-25 12:00:00+02:00,16439.04113350622
2022-02-25 12:30:00+02:00,16172.23792041839
2022-02-25 13:00:00+02:00,15524.508288558645
2022-02-25 13:30:00+02:00,14507.19297473938
2022-02-25 14:00:00+02:00,13138.250956486481
2022-02-25 14:30:00+02:00,11442.337268656805
2022-02-25 15:00:00+02:00,9451.435786494314
2022-02-25 15:30:00+02:00,7207.58328790338
2022-02-25 16:00:00+02:00,4774.296876737905
2022-02-25 16:30:00+02:00,2293.2414122892437
2022-02-25 17:00:00+02:00,324.9795745725368
2022-02-25 17:30:00+02:00,0.0
2022-02-25 18:00:00+02:00,0.0
2022-02-25 18:30:00+02:00,0.0
2022-02-25 19:00:00+02:00,0.0
2022-02-25 19:30:00+02:00,0.0
2022-02-25 20:00:00+02:00,0.0
2022-02-25 20:30:00+02:00,0.0
2022-02-25 21:00:00+02:00,0.0
2022-02-25 21:30:00+02:00,0.0
2022-02-25 22:00:00+02:00,0.0
2022-02-25 22:30:00+02:00,0.0
2022-02-25 23:00:00+02:00,0.0
2022-02-25 23:30:00+02:00,0.0
2022-02-26 00:00:00+02:00,0.0
2022-02-26 00:30:00+02:00,0.0
2022-02-26 01:00:00+02:00,0.0
2022-02-26 01:30:00+02:00,0.0
2022-02-26 02:00:00+02:00,0.0
2022-02-26 02:30:00+02:00,0.0
2022-02-26 03:00:00+02:00,0.0
2022-02-26 03:30:00+02:00,0.0
2022-02-26 04:00:00+02:00,0.0
2022-02-26 04:30:00+02:00,0.0
2022-02-26 05:00:00+02:00,0.0
2022-02-26 05:30:00+02:00,0.0
2022-02-26 06:00:00+02:00,0.0
2022-02-26 06:30:00+02:00,0.0
2022-02-26 07:00:00+02:00,1033.746204185637
2022-02-26 07:30:00+02:00,3361.191802476364
2022-02-26 08:00:00+02:00,5855.753470992312
2022-02-26 08:30:00+02:00,8225.646905805055
2022-02-26 09:00:00+02:00,10376.66946460988
2022-02-26 09:30:00+02:00,12256.753981448604
2022-02-26 10:00:00+02:00,13828.435851993569
2022-02-26 10:30:00+02:00,15062.728629824074
2022-02-26 11:00:00+02:00,15937.617657744813
2022-02-26 11:30:00+02:00,16437.745204377006
2022-02-26 12:00:00+02:00,16554.41098022726
2022-02-26 12:30:00+02:00,16285.62358466548
2022-02-26 13:00:00+02:00,15636.118786970324
2022-02-26 13:30:00+02:00,14617.33035213118
2022-02-26 14:00:00+02:00,13247.35175543627
2022-02-26 14:30:00+02:00,11551.025169686533
2022-02-26 15:00:00+02:00,9560.57914404169
2022-02-26 15:30:00+02:00,7318.283091476647
2022-02-26 16:00:00+02:00,4887.286984739983
2022-02-26 16:30:00+02:00,2403.8444296165826
2022-02-26 17:00:00+02:00,386.63457497870644
2022-02-26 17:30:00+02:00,0.0
2022-02-26 18:00:00+02:00,0.0
2022-02-26 18:30:00+02:00,0.0
2022-02-26 19:00:00+02:00,0.0
2022-02-26 19:30:00+02:00,0.0
2022-02-26 20:00:00+02:00,0.0
2022-02-26 20:30:00+02:00,0.0
2022-02-26 21:00:00+02:00,0.0
2022-02-26 21:30:00+02:00,0.0
2022-02-26 22:00:00+02:00,0.0
2022-02-26 22:30:00+02:00,0.0
2022-02-26 23:00:00+02:00,0.0
2022-02-26 23:30:00+02:00,0.0
2022-02-27 00:00:00+02:00,0.0
2022-02-27 00:30:00+02:00,0.0
2022-02-27 01:00:00+02:00,0.0
2022-02-27 01:30:00+02:00,0.0
2022-02-27 02:00:00+02:00,0.0
2022-02-27 02:30:00+02:00,0.0
2022-02-27 03:00:00+02:00,0.0
2022-02-27 03:30:00+02:00,0.0
2022-02-27 04:00:00+02:00,0.0
2022-02-27 04:30:00+02:00,0.0
2022-02-27 05:00:00+02:00,0.0
2022-02-27 05:30:00+02:00,0.0
2022-02-27 06:00:00+02:00,0.0
2022-02-27 06:30:00+02:00,11.19571625293958
2022-02-27 07:00:00+02:00,1151.2197152064487
2022-02-27 07:30:00+02:00,3501.7525274306386
2022-02-27 08:00:00+02:00,5994.565095559586
2022-02-27 08:30:00+02:00,8360.268723419787
2022-02-27 09:00:00+02:00,10507.439819574845
2022-02-27 09:30:00+02:00,12384.199794513743
2022-02-27 10:00:00+02:00,13952.944538757907
2022-02-27 10:30:00+02:00,15184.554358080433
2022-02-27 11:00:00+02:00,16056.930433737136
2022-02-27 11:30:00+02:00,16554.676184977077
2022-02-27 12:00:00+02:00,16669.089587125218
2022-02-27 12:30:00+02:00,16398.209245123715
2022-02-27 13:00:00+02:00,15746.831103516039
2022-02-27 13:30:00+02:00,14726.481714314436
2022-02-27 14:00:00+02:00,13355.386752027553
2022-02-27 14:30:00+02:00,11658.57044916764
2022-02-27 15:00:00+02:00,9668.497839711305
2022-02-27 15:30:00+02:00,7427.665311958413
2022-02-27 16:00:00+02:00,4998.9073866384215
2022-02-27 16:30:00+02:00,2513.6574848662017
2022-02-27 17:00:00+02:00,452.6778186533671
2022-02-27 17:30:00+02:00,0.0
2022-02-27 18:00:00+02:00,0.0
2022-02-27 18:30:00+02:00,0.0
2022-02-27 19:00:00+02:00,0.0
2022-02-27 19:30:00+02:00,0.0
2022-02-27 20:00:00+02:00,0.0
2022-02-27 20:30:00+02:00,0.0
2022-02-27 21:00:00+02:00,0.0
2022-02-27 21:30:00+02:00,0.0
2022-02-27 22:00:00+02:00,0.0
2022-02-27 22:30:00+02:00,0.0
2022-02-27 23:00:00+02:00,0.0
2022-02-27 23:30:00+02:00,0.0
2022-02-28 00:00:00+02:00,0.0
2022-02-28 00:30:00+02:00,0.0
2022-02-28 01:00:00+02:00,0.0
2022-02-28 01:30:00+02:00,0.0
2022-02-28 02:00:00+02:00,0.0
2022-02-28 02:30:00+02:00,0.0
2022-02-28 03:00:00+02:00,0.0
2022-02-28 03:30:00+02:00,0.0
2022-02-28 04:00:00+02:00,0.0
2022-02-28 04:30:00+02:00,0.0
2022-02-28 05:00:00+02:00,0.0
2022-02-28 05:30:00+02:00,0.0
2022-02-28 06:00:00+02:00,0.0
2022-02-28 06:30:00+02:00,22.0487882084031
2022-02-28 07:00:00+02:00,1272.1075804797101
2022-02-28 07:30:00+02:00,3642.5761120229035
2022-02-28 08:00:00+02:00,6133.365472899825
2022-02-28 08:30:00+02:00,8494.861061682444
2022-02-28 09:00:00+02:00,10638.136454982437
2022-02-28 09:30:00+02:00,12511.488813394832
2022-02-28 10:00:00+02:00,14077.188328443799
2022-02-28 10:30:00+02:00,15305.994498054477
2022-02-28 11:00:00+02:00,16175.73328182093
2022-02-28 11:30:00+02:00,16670.97549780723
2022-02-28 12:00:00+02:00,16783.021691191818
2022-02-28 12:30:00+02:00,16509.94323846125
2022-02-28 13:00:00+02:00,15856.59759625537
2022-02-28 13:30:00+02:00,14834.603860698275
2022-02-28 14:00:00+02:00,13462.317653272687
2022-02-28 14:30:00+02:00,11764.940300787977
2022-02-28 15:00:00+02:00,9775.165254724936
2022-02-28 15:30:00+02:00,7535.709608242801
2022-02-28 16:00:00+02:00,5109.136379341108
2022-02-28 16:30:00+02:00,2622.5762326714525
2022-02-28 17:00:00+02:00,522.5919099696885
2022-02-28 17:30:00+02:00,0.0
2022-02-28 18:00:00+02:00,0.0
2022-02-28 18:30:00+02:00,0.0
2022-02-28 19:00:00+02:00,0.0
2022-02-28 19:30:00+02:00,0.0
2022-02-28 20:00:00+02:00,0.0
2022-02-28 20:30:00+02:00,0.0
2022-02-28 21:00:00+02:00,0.0
2022-02-28 21:30:00+02:00,0.0
2022-02-28 22:00:00+02:00,0.0
2022-02-28 22:30:00+02:00,0.0
2022-02-28 23:00:00+02:00,0.0
2022-02-28 23:30:00+02:00,0.0
